Receiver Time [s],Clock Bias [m],ClockDrift [m/s]
1420991586.4370234,0.0,0.0
1420991587.4370234,-24647.712719738513,-2.464526148287855
1420991588.4370234,-24859.731678057728,-115.85358361403108
1420991589.4370234,-24974.16741576624,-115.34643807083327
1420991590.4370234,-25090.827000525886,-115.69533486601726
1420991591.4370234,-25206.598079111176,-115.71119682476305
1420991592.4370234,-25324.514904021587,-116.09213383248921
1420991593.4370234,-25439.80664808147,-115.9700721834538
1420991594.4370234,-25556.79814101917,-116.11026067708403
1420991595.4370234,-25673.243853020966,-116.16683630224499
1420991596.4370234,-25789.993540731113,-116.23850160727311
1420991597.4370234,-25905.001689165372,-116.09599708877627
1420991598.4370234,-25966.722085637168,-111.1498289861299
1420991599.4370234,-26070.04629529999,-110.57069712721555
1420991600.4370234,-26181.457260480234,-110.60334160005259
1420991601.4370234,-26250.898529289014,-111.51505812006369
1420991602.4370234,-26351.617705547076,-111.77511663563898
1420991603.4370234,-22292.507146970165,-120.22405162574826
1420991604.4370234,-22256.741352450066,-119.69734917362953
1420991605.4370234,-21188.72358504967,-117.14439706575867
1420991606.4370234,-20540.5980487912,-114.63588721061633
1420991607.4370234,-20453.50155108855,-113.24164090687341
1420991608.4370234,-20527.22319553324,-112.84458394402853
1420991609.4370234,-765533.8033818598,-112.19860068445134
1420991610.4370234,-767952.6804753435,-112.60256012383081
1420991611.4370234,-767963.9275448462,-112.62930685607313
1420991612.4370234,-1002484.6786938314,-116.44575101649758
1420991613.4370234,54901.21282740576,-125.37951216120213
1420991614.4370234,-24453.709250836215,-135.23553957060938
1420991615.4370234,3073.872077113365,-130.4015376177697
1420991616.4370234,20483.58796430932,-123.6622146425246
1420991617.4370234,-139666.95515900714,-119.03617887817258
1420991618.4370234,-146158.253792144,-115.00517130050146
1420991619.4370234,-148281.2988073854,-115.39068147181288
1420991620.4370234,-149010.2791880911,-115.03445198449303
1420991621.4370234,-149309.28656870697,-114.53036695948126
1420991622.4370234,-149551.31400819914,-114.1643672035041
1420991623.4370234,-149648.00581229996,-114.16580439368762
1420991624.4370234,-149738.58325099223,-113.80994842616374
1420991625.4370234,-149659.7457698171,-113.51955957489048
1420991626.4370234,-149558.17412531565,-113.27801036530838
1420991627.4370234,-149512.27811463302,-113.05795501239821
1420991628.4370234,-149360.87944713692,-111.97923393763323
1420991629.4370234,-149231.94005095458,-112.93961254747221
1420991630.4370234,-149171.4445410145,-113.08409440530454
1420991631.4370234,-149105.18002176387,-112.90490112361287
1420991632.4370234,-149057.70110761072,-112.66621292610834
1420991633.4370234,-149001.27447900508,-112.6308133983101
1420991634.4370234,-148990.1073013972,-112.22753715910866
1420991635.4370234,-149045.25139304082,-111.9210850654821
1420991636.4370234,-149059.27074804308,-111.71422346673103
1420991637.4370234,-149084.0024069969,-111.56555644066161
1420991638.4370234,-149114.95773506747,-111.32428694477802
1420991639.4370234,-149139.10893872677,-111.10742318222636
1420991640.4370234,-149174.88081474177,-110.8801895769032
1420991641.4370234,-149248.4597407223,-110.65901643366088
1420991642.4370234,-149314.02792355235,-110.56896811596097
1420991643.4370234,-149373.16893953775,-110.33040220456297
1420991644.4370234,-149420.26012647973,-110.2226884703266
1420991645.4370234,-149495.63210140017,-110.03327981196408
1420991646.4370234,-149566.760149337,-109.9198930294723
1420991647.4370234,-149170.27812833083,-109.22782277865045
1420991648.4370234,-148945.54839870965,-108.75849306244686
1420991649.4370234,-148812.6356917917,-108.29949182519688
1420991650.4370234,-148813.07159407646,-108.03196520258274
1420991651.4370234,-148827.0064897391,-107.78638433769164
1420991652.4370234,-148840.23361877823,-107.50013952631723
1420991653.4370234,-148873.0029558132,-107.25413179170677
1420991654.4370234,-148922.37551436733,-107.00471161913124
1420991655.4370234,-148982.85057189985,-106.68022130112934
1420991656.4370234,-149069.89817693565,-106.30880356120852
1420991657.4370234,-149156.80805210094,-105.99970892694182
1420991658.4370234,-149282.21942705745,-105.69610224897573
1420991659.4370234,-149412.9806159598,-105.57537822513798
1420991660.4370234,-149532.7319939603,-105.36438628322261
1420991661.4370234,-149156.98582363958,-104.48573151932848
1420991662.4370234,-149241.94821730643,-104.23754752522467
1420991663.4370234,-149326.51515138734,-103.83482027937436
1420991664.4370234,-149419.92142853822,-103.59281298869016
1420991665.4370234,-149510.26333356588,-103.42247557190726
1420991666.4370234,-149603.05078456254,-103.36674302137253
1420991667.4370234,-149686.9378706515,-103.33814634345315
1420991668.4370234,-149771.51443387105,-103.2237545955438
1420991669.4370234,-149862.80469279498,-103.13373971446498
1420991670.4370234,-149940.47991772578,-103.03519668465108
1420991671.4370234,-150039.593584772,-102.94220710499836
1420991672.4370234,-149814.81312044218,-101.35785580798563
1420991673.4370234,-149862.99709129328,-101.11644883224167
1420991674.4370234,-149916.76960424954,-101.13894145170784
1420991675.4370234,-149978.32845650977,-101.49234078700167
1420991676.4370234,-150040.22099883197,-101.66966380527026
1420991677.4370234,-150090.48262242286,-102.10878370473085
1420991678.4370234,-150152.59432992447,-102.61890568572632
1420991679.4370234,-150222.84751540085,-103.4550729389883
1420991680.4370234,-150300.86930133612,-104.19571461793042
1420991681.4370234,-150379.40411658384,-104.64278856256021
1420991682.4370234,-150457.9062910776,-105.01450274740816
1420991683.4370234,-150542.48564166017,-105.46036407075873
1420991684.4370234,-150636.95735226266,-105.52200149514385
1420991685.4370234,-150735.37492581713,-105.85675945949039
1420991686.4370234,-150828.61677668436,-105.98292642298858
1420991687.4370234,-150929.7128010838,-106.09314173449953
1420991688.4370234,-151029.30756477613,-106.11230297185553
1420991689.4370234,-151127.5424394139,-106.22686784069423
1420991690.4370234,-151231.11026564037,-105.97881613889112
1420991691.4370234,-151330.82305884763,-105.76375777016743
1420991692.4370234,-151438.83636354608,-105.74757907030109
1420991693.4370234,-151541.2969200311,-105.59164916452066
1420991694.4370234,-151645.6319332367,-105.5318347420404
1420991695.4370234,-151745.43900699902,-105.42551675796223
1420991696.4370234,-151846.86288283975,-105.01468490702446
1420991697.4370234,-151953.41390364288,-104.78307176992854
1420991698.4370234,-152054.28807969822,-104.38709760432303
1420991699.4370234,-152161.26856960377,-104.1468429580758
1420991700.4370234,-152266.17787848727,-103.8500920401021
1420991701.4370234,-152367.87826515286,-103.59753525963156
1420991702.4370234,-152466.33292033445,-103.05352964415634
1420991703.4370234,-152565.6104993887,-102.52337101860364
1420991704.4370234,-152666.43924328042,-102.2183299021075
1420991705.4370234,-152767.35559901415,-101.82848437051054
1420991706.4370234,-152863.81115976124,-101.28951582235159
1420991707.4370234,-152961.25208283344,-100.89356499284504
1420991708.4370234,-153059.42604634396,-100.33428591882833
1420991709.4370234,-153162.2162371838,-99.79238021114082
1420991710.4370234,-153255.96304803566,-99.18497885677343
1420991711.4370234,-153343.9231260051,-98.58910717695004
1420991712.4370234,-153434.94627003712,-97.85952435132003
1420991713.4370234,-153535.8198849162,-97.29108209336755
1420991714.4370234,-153624.05027763735,-96.70372944118871
1420991715.4370234,-153713.7192732383,-96.11953467795469
1420991716.4370234,-153805.35380576496,-95.74009827120814
1420991717.4370234,-153892.41910517903,-94.9124089550255
1420991718.4370234,-153982.52577981958,-94.15525933858287
1420991719.4370234,-154071.45236541884,-93.4815701890236
1420991720.4370234,-154157.4246346311,-92.83558998029959
1420991721.4370234,-154241.72398416488,-92.27480143865773
1420991722.4370234,-154329.05918339285,-91.5465412930708
1420991723.4370234,-154408.96021783762,-90.80243688475151
1420991724.4370234,-154491.07805212963,-89.94847430401556
1420991725.4370234,-154578.9111148989,-89.07592667487981
1420991726.4370234,-154661.98529590145,-88.18158112500457
1420991727.4370234,-154748.6602145103,-87.61951859289712
1420991728.4370234,-154831.19075464053,-86.88722557473987
1420991729.4370234,-154909.5365339382,-86.1952049821144
1420991730.4370234,-154991.24230998725,-85.47898298627872
1420991731.4370234,-155073.08528464055,-84.95805258505179
1420991732.4370234,-155150.16378260526,-84.03958560586112
1420991733.4370234,-155226.14163473004,-83.2051720561718
1420991734.4370234,-155301.527107586,-82.46461192585872
1420991735.4370234,-155378.20945781292,-81.75432113439102
1420991736.4370234,-155451.98194945505,-81.09120642115164
1420991737.4370234,-155524.3282708113,-80.00484958827707
1420991738.4370234,-155593.54037055257,-79.06699607132526
1420991739.4370234,-155668.200582395,-78.22434600890203
1420991740.4370234,-155744.65322727448,-77.25981649488878
1420991741.4370234,-155819.26363176573,-76.5513128192654
1420991742.4370234,-155890.70015778416,-75.67955052995255
1420991743.4370234,-155958.3656788184,-74.79637928965381
1420991744.4370234,-156026.26503043598,-73.63703666751773
1420991745.4370234,-156096.89504033705,-72.64973936161223
1420991746.4370234,-156162.19526099853,-71.67650776578377
1420991747.4370234,-156235.07351278316,-70.9318917896057
1420991748.4370234,-156312.80881899368,-70.06238951033764
1420991749.4370234,-156383.41070570174,-69.24911890685412
1420991750.4370234,-156459.31587763084,-68.18187101859006
1420991751.4370234,-156534.27639475808,-67.15480469623526
1420991752.4370234,-156606.86058483412,-66.20933851889636
1420991753.4370234,-156677.3886417658,-65.32636074621887
1420991754.4370234,-156743.32941678012,-64.1540562565282
1420991755.4370234,-156793.8280738484,-62.85182967344515
1420991756.4370234,-156851.15614536693,-61.66134420841215
1420991757.4370234,-156902.5130637458,-60.58668126193791
1420991758.4370234,-156953.78299602785,-59.76479660489483
1420991759.4370234,-157004.91887811144,-58.5250121966312
1420991760.4370234,-157049.88567560594,-57.071705081310625
1420991761.4370234,-157096.75564962663,-55.70377402739165
1420991762.4370234,-157144.65711095952,-54.413229216244105
1420991763.4370234,-157189.3750233107,-53.193244551580506
1420991764.4370234,-157234.86932584507,-51.72120317137763
1420991765.4370234,-157274.89938611045,-50.31450111826041
1420991766.4370234,-157316.86024157176,-49.00899457771977
1420991767.4370234,-157361.10473065096,-47.382122841580404
1420991768.4370234,-157404.15493354585,-46.60497376889649
1420991769.4370234,-157443.57019936497,-45.28599252509141
1420991770.4370234,-157484.2828431166,-43.92971824802487
1420991771.4370234,-157522.48157428196,-42.51309090943064
1420991772.4370234,-157556.74352988694,-41.3161367452426
1420991773.4370234,-157592.47806417025,-39.756222733289135
1420991774.4370234,-157625.35614752639,-38.28896612702407
1420991775.4370234,-157656.64461329262,-36.94363031985082
1420991776.4370234,-157690.6695120617,-35.620041924573655
1420991777.4370234,-157719.8138144427,-34.26886603146233
1420991778.4370234,-157748.85354582593,-32.71922383699934
1420991779.4370234,-157773.31448432425,-31.207513607241932
1420991780.4370234,-157798.80512481224,-29.61408634456317
1420991781.4370234,-157823.36055395857,-28.01059206830236
1420991782.4370234,-157845.72719259706,-26.424414754884165
1420991783.4370234,-157866.0065336145,-24.831553590759682
1420991784.4370234,-157885.43190183115,-23.3834794196143
1420991785.4370234,-157901.3258480248,-21.709496229056732
1420991786.4370234,-157916.18678833244,-20.063552394275533
1420991787.4370234,-157933.14545446195,-18.46970380277599
1420991788.4370234,-157948.3015937544,-16.92579168154682
1420991789.4370234,-157960.06309692384,-15.217459276068995
1420991790.4370234,-157971.17331115832,-13.56174794595699
1420991791.4370234,-157977.67702483336,-11.981969574243333
1420991792.4370234,-157984.82958361696,-10.266569835011497
1420991793.4370234,-157991.60127834487,-8.607660826871173
1420991794.4370234,-157998.0727136636,-6.972028197438443
1420991795.4370234,-158002.1001174372,-5.278601871631558
1420991796.4370234,-158000.1173254068,-3.469524272592369
1420991797.4370234,-157996.48508878297,-1.6355382758433594
1420991798.4370234,-157993.59268980482,0.15635970358509146
1420991799.4370234,-157989.74727167576,1.9588806081737806
1420991800.4370234,-157982.82617470814,3.69386112023273
1420991801.4370234,-157973.11443315668,5.526379690301468
1420991802.4370234,-157963.15302820547,7.305573669284056
1420991803.4370234,-157949.57261320174,9.118895751454017
1420991804.4370234,-157935.41990685184,11.024362233567027
1420991805.4370234,-157920.57179499575,12.835511959369162
1420991806.4370234,-157903.47061080026,14.615451137117857
1420991807.4370234,-157884.0180083343,16.481276137121196
1420991808.4370234,-157863.20663401735,18.22935576479046
1420991809.4370234,-157840.57517800728,19.959973006234442
1420991810.4370234,-157815.51069974093,21.729958057698003
1420991811.4370234,-157788.8825929055,23.644987770196188
1420991812.4370234,-157764.72956709622,25.413951438482833
1420991813.4370234,-157732.72606235062,27.230148277651455
1420991814.4370234,-157699.45989486898,29.05674321891641
1420991815.4370234,-157665.98801830233,30.939622260238327
1420991816.4370234,-157630.57890792788,32.80526365168397
1420991817.4370234,-157572.18569612282,34.5258700468951
1420991818.4370234,-157531.29472729162,36.33410935699248
1420991819.4370234,-157490.9332899572,38.166443902294404
1420991820.4370234,-157449.3843549032,39.929632429574724
1420991821.4370234,-157405.60939066383,41.71951474501833
1420991822.4370234,-157358.69543073376,43.59198357577898
1420991823.4370234,-157308.88921759985,45.362207773098135
1420991824.4370234,-157257.43388024697,47.319996159181294
1420991825.4370234,-157203.5736474355,49.09044046983809
1420991826.4370234,-157150.46470035936,50.8831291558743
1420991827.4370234,-157098.19344729706,52.620378799494866
1420991828.4370234,-157040.18753710043,54.4695926934408
1420991829.4370234,-156980.74922798524,56.24736534827034
1420991830.4370234,-156921.6709681572,58.144536261421656
1420991831.4370234,-156859.30921883922,59.87256404030791
1420991832.4370234,-156795.01067259637,61.79844722398478
1420991833.4370234,-156729.0141252049,63.604760756568496
1420991834.4370234,-156660.61910176853,65.52025216160348
1420991835.4370234,-156590.70998555212,67.25770391552115
1420991836.4370234,-156520.5280222907,69.17284745481392
1420991837.4370234,-156445.77651199006,71.12079406835767
1420991838.4370234,-156369.2681101486,72.96571408963551
1420991839.4370234,-156293.7429134514,74.79240775021644
1420991840.4370234,-156215.03327974924,76.58719303611797
1420991841.4370234,-156135.67643437843,78.15726506718849
1420991842.4370234,-156052.10344215352,79.93437916624521
1420991843.4370234,-155968.73157468846,81.66165744184846
1420991844.4370234,-155883.48496853313,83.41102766101555
1420991845.4370234,-155797.0167313537,85.24343878014575
1420991846.4370234,-155706.79474557657,86.9462937999318
1420991847.4370234,-155615.38877573828,88.77037479389404
1420991848.4370234,-155521.85142709874,90.5668883730832
1420991849.4370234,-155425.9114453771,92.38007917506677
1420991850.4370234,-155328.20582011947,94.11942691052944
1420991851.4370234,-155231.5529286725,95.76720968271353
1420991852.4370234,-155133.56427783167,97.43734598965428
1420991853.4370234,-155032.53979018272,99.14221731233135
1420991854.4370234,-154929.20956672524,100.78815723989825
1420991855.4370234,-154826.69450268405,102.36860535263716
1420991856.4370234,-154720.7826515108,104.00649625708034
1420991857.4370234,-154614.55810525428,105.59580513996345
1420991858.4370234,-154506.79365755606,107.1748237887871
1420991859.4370234,-154395.6847765266,108.713068708405
1420991860.4370234,-154284.608123906,110.28075159647003
1420991861.4370234,-154169.78370042212,111.74669851432216
1420991862.4370234,-154053.88801148822,113.29858954761016
1420991863.4370234,-153936.97111517785,114.75171022866506
1420991864.4370234,-153819.35972056937,116.16028673904628
1420991865.4370234,-153700.69772017532,117.57519922435328
1420991866.4370234,-153581.29786662495,118.98815921655302
1420991867.4370234,-153460.1117010356,120.27438433937178
1420991868.4370234,-153335.62934763535,121.71988084568126
1420991869.4370234,-153210.9537470562,123.19615542623734
1420991870.4370234,-153084.809466402,124.49583845252104
1420991871.4370234,-152957.53667135793,125.8477359074257
1420991872.4370234,-152827.88147043934,127.09556583139852
1420991873.4370234,-152697.60617079938,128.33157913645286
1420991874.4370234,-152565.76009363445,129.5166622025592
1420991875.4370234,-152433.46965768596,130.68997705576683
1420991876.4370234,-152299.09214795454,131.80258189881147
1420991877.4370234,-152164.97409145048,132.96191687839715
1420991878.4370234,-152029.48294695266,134.07670439875352
1420991879.4370234,-151893.07315967637,135.20585202619094
1420991880.4370234,-151755.4343789761,136.18585330833275
1420991881.4370234,-151615.70611166325,137.16767021999115
1420991882.4370234,-151477.9002022276,138.12039757948708
1420991883.4370234,-151338.66236022412,139.1766488820893
1420991884.4370234,-151195.68161877504,140.19962478378184
1420991885.4370234,-151053.2546955217,141.2175223012017
1420991886.4370234,-150910.7491907228,142.11540165833637
1420991887.4370234,-150766.5909268248,143.07412464951318
1420991888.4370234,-150620.06605030084,144.0440146358956
1420991889.4370234,-150474.2751557086,144.9846927885432
1420991890.4370234,-150325.8676027078,145.85694161236887
1420991891.4370234,-150178.59848143245,146.6822538220079
1420991892.4370234,-150029.27468671981,147.48414544918205
1420991893.4370234,-149879.86702619467,148.317422868032
1420991894.4370234,-149730.8768785918,149.05909642076836
1420991895.4370234,-149580.35335491967,149.75373188559064
1420991896.4370234,-149429.42754352227,150.46696036462652
1420991897.4370234,-149279.10537625433,151.13351972751167
1420991898.4370234,-149125.1690159371,151.83067289291182
1420991899.4370234,-148976.50621689303,152.5551042513836
1420991900.4370234,-148820.11296823464,153.2508913716592
1420991901.4370234,-148665.05040501337,153.92640141850913
1420991902.4370234,-148508.65225924697,154.55243299637004
1420991903.4370234,-148351.46195948787,155.148111395354
1420991904.4370234,-148194.75479772565,155.8539916712274
1420991905.4370234,-148036.4417452395,156.53411990417032
1420991906.4370234,-147879.28886098063,157.07976953237332
1420991907.4370234,-147722.20360753167,157.6199231784264
1420991908.4370234,-147562.63238877055,158.16501565267657
1420991909.4370234,-147404.59006488774,158.6848638031337
1420991910.4370234,-147243.05775826584,159.21986801181694
1420991911.4370234,-147081.0036265231,159.76968584389334
1420991912.4370234,-146920.12916006308,160.19778950837812
1420991913.4370234,-146757.82582875618,160.5859327353893
1420991914.4370234,-146596.8146948668,161.02667734865867
1420991915.4370234,-146433.1130012142,161.44047378126987
1420991916.4370234,-146271.2765097524,161.80955536803407
1420991917.4370234,-146109.34504455142,162.1406843383734
1420991918.4370234,-145944.26537187575,162.51597723600122
1420991919.4370234,-145780.61309608913,162.89418798500353
1420991920.4370234,-145616.24839751518,163.2505534940603
1420991921.4370234,-145452.05936609383,163.5295802573592
1420991922.4370234,-145287.53932151082,163.81501272749617
1420991923.4370234,-145121.46049864835,164.1104436290275
1420991924.4370234,-144957.26534315752,164.38866802416263
1420991925.4370234,-144792.48215362008,164.61116224846427
1420991926.4370234,-144626.52032925177,164.8325777156975
1420991927.4370234,-144462.40605117058,165.10585993729512
1420991928.4370234,-144296.05038234746,165.3490843557358
1420991929.4370234,-144128.5872771599,165.54154326548763
1420991930.4370234,-143961.91324120434,165.70897341395113
1420991931.4370234,-143801.9648060339,165.87998828493144
1420991932.4370234,-143636.9797254323,165.974241008371
1420991933.4370234,-143472.14279904318,166.13582630763958
1420991934.4370234,-143306.84888929757,166.22060262671238
1420991935.4370234,-143139.61767486832,166.33316623614127
1420991936.4370234,-142972.15387842793,166.49181261876305
1420991937.4370234,-142807.49584236185,166.66766364468637
1420991938.4370234,-142640.42901009743,166.7965793609212
1420991939.4370234,-142473.0553040741,166.8077937755707
1420991940.4370234,-142305.29254365107,166.76840205573785
1420991941.4370234,-142138.88223280793,166.78545496408722
1420991942.4370234,-141972.5532552123,166.76943950528874
1420991943.4370234,-141757.80425613155,166.7370643084035
1420991944.4370234,-141569.92330477943,166.77316970198257
1420991945.4370234,-141392.08822927764,166.7978774556228
1420991946.4370234,-141217.825394196,166.8794701403088
1420991947.4370234,-141045.1958722774,166.87980665403154
1420991948.4370234,-140874.02243538856,166.95399933231
1420991949.4370234,-140703.191305245,166.94309263931396
1420991950.4370234,-140536.11414137046,166.84528062935047
1420991951.4370234,-140367.09176483663,166.76490749197873
1420991952.4370234,-140199.0680057569,166.76358624834663
1420991953.4370234,-140029.77910154077,166.77551629204467
1420991954.4370234,-139862.56805313766,166.7401028989997
1420991955.4370234,-139694.387959034,166.6736018148121
1420991956.4370234,-139526.36832275774,166.55049905171887
1420991957.4370234,-139359.83319807332,166.46486025635903
1420991958.4370234,-139193.1325216048,166.46268717514403
1420991959.4370234,-139025.494102236,166.43030843169507
1420991960.4370234,-138859.02057033803,166.35410407673555
1420991961.4370234,-138691.55535453575,166.2020968325223
1420991962.4370234,-138524.5494464618,166.07599677241637
1420991963.4370234,-138357.35032124864,166.02969994938198
1420991964.4370234,-138191.20952879125,165.953690293543
1420991965.4370234,-138025.17638210516,165.81029331180392
1420991966.4370234,-137858.09981254162,165.6834909252629
1420991967.4370234,-137692.25570210055,165.48352532364848
1420991968.4370234,-137527.4711016562,165.3554926673921
1420991969.4370234,-137361.74162681782,165.1782114667317
1420991970.4370234,-137196.39374926029,164.9996730731948
1420991971.4370234,-137032.06155630748,164.7284205752577
1420991972.4370234,-136867.67471291797,164.53880252038994
1420991973.4370234,-136703.23798273964,164.32781057358378
1420991974.4370234,-136539.25153912275,164.11646194832892
1420991975.4370234,-136376.7111996138,163.9082143500508
1420991976.4370234,-136212.72078125924,163.64744524560348
1420991977.4370234,-136049.80889447508,163.3513142974482
1420991978.4370234,-135886.7645847056,163.08846064775477
1420991979.4370234,-135722.7516916404,162.84722737950926
1420991980.4370234,-135560.023970001,162.68051716043257
1420991981.4370234,-135398.5723762847,162.45768352481176
1420991982.4370234,-135236.46948723472,162.2533156598876
1420991983.4370234,-135075.30123516035,162.0480109457345
1420991984.4370234,-134911.86084378473,161.819172805829
1420991985.4370234,-134748.40153939254,161.45938505233795
1420991986.4370234,-134586.9196137623,161.188741584767
1420991987.4370234,-134427.99264340114,160.91022951862638
1420991988.4370234,-134266.93364788685,160.64986503669985
1420991989.4370234,-134105.77070130708,160.36812895444797
1420991990.4370234,-133945.1910228775,160.11126484096854
1420991991.4370234,-133785.7537866805,159.82590393234912
1420991992.4370234,-133626.63114662352,159.52167129860536
1420991993.4370234,-133467.70805748698,159.19022380029372
1420991994.4370234,-133311.31438549026,158.9043735381111
1420991995.4370234,-133153.46418095907,158.64541205961152
1420991996.4370234,-132933.51943360575,158.33016259546494
1420991997.4370234,-132775.3808977903,158.06849455316086
1420991998.4370234,-132617.81634160966,157.87419345309007
1420991999.4370234,-132461.789566675,157.303950332854
1420992000.4370234,-132304.80151638744,157.07595656468135
1420992001.4370234,-132148.23714873468,156.86486354596738
1420992002.4370234,-131992.16497223385,156.58713073313172
1420992003.4370234,-131835.63201990773,156.05419068011605
1420992004.4370234,-131679.38469751127,155.82758097997305
1420992005.4370234,-131524.46569325592,155.46316773470986
1420992006.4370234,-131369.17696562156,155.103444530521
1420992007.4370234,-131214.41736689358,154.7108454775739
1420992008.4370234,-131060.2125048714,154.16554828494955
1420992009.4370234,-130906.11364988664,153.9573232850247
1420992010.4370234,-130752.89450479108,153.72540002669473
1420992011.4370234,-130599.71660625144,153.40086934661286
1420992012.4370234,-130446.95643704737,153.1309174366155
1420992013.4370234,-130294.85656392717,152.82162016939643
1420992014.4370234,-130143.02572681081,152.31305233271377
1420992015.4370234,-129991.75743310191,152.08769762768904
1420992016.4370234,-129839.47602825199,151.9005501455667
1420992017.4370234,-129688.28883036181,151.72805768933856
1420992018.4370234,-129537.03125088455,151.50865384748252
1420992019.4370234,-129385.95923959023,150.9406743524396
1420992020.4370234,-129234.4810012973,150.66278393238196
1420992021.4370234,-129083.96079798802,150.37368357754147
1420992022.4370234,-128933.82590865852,150.052425345596
1420992023.4370234,-128784.80987611109,149.46963263231933
1420992024.4370234,-128635.68309994941,149.29913107644026
1420992025.4370234,-128487.30704852828,149.08466140291148
1420992026.4370234,-128338.61335183191,148.77594495931933
1420992027.4370234,-128189.58028655742,148.46722909430852
1420992028.4370234,-128041.68201413684,147.83628941445784
1420992029.4370234,-127894.22428070426,147.56691287777528
1420992030.4370234,-127747.17864412682,147.30314784383933
1420992031.4370234,-127600.43030276171,146.99151978527632
1420992032.4370234,-127453.9904147062,147.3970438752214
1420992033.4370234,-127308.55094953123,146.15349134364394
1420992034.4370234,-127162.87792341442,145.69615098262113
1420992035.4370234,-127018.58096194189,145.3573771535255
1420992036.4370234,-126873.87400797431,145.03485417102607
1420992037.4370234,-126729.08694569937,144.55010370468594
1420992038.4370234,-126585.25846970199,144.32005390274267
1420992039.4370234,-126440.98899689216,144.03113528501547
1420992040.4370234,-126298.83453440006,143.70119612814545
1420992041.4370234,-126155.30264133983,143.27377377282608
1420992042.4370234,-126013.08720237073,142.8682964411558
1420992043.4370234,-125871.58941652371,143.33350487527946
1420992044.4370234,-125731.1911626843,141.8308300942692
1420992045.4370234,-125589.94214726907,141.30330250534175
1420992046.4370234,-125449.77876769926,141.01544592418603
1420992047.4370234,-125310.38930954947,140.78880864973672
1420992048.4370234,-125170.08495770217,140.47245421339022
1420992049.4370234,-125030.14173904674,140.26567576625715
1420992050.4370234,-124890.76796254294,139.86901105325464
1420992051.4370234,-124751.02067335372,139.70331009083563
1420992052.4370234,-124611.80697397269,139.40877127479945
1420992053.4370234,-124472.46283548929,139.13379699339313
1420992054.4370234,-124333.3739222628,138.79746111541692
1420992055.4370234,-124195.41413013781,138.39556635591345
1420992056.4370234,-124057.5207464641,137.8055936441456
1420992057.4370234,-123919.14129675966,137.59627619358093
1420992058.4370234,-123782.31350708324,137.31786220493606
1420992059.4370234,-123645.96024623494,136.9446127063925
1420992060.4370234,-123509.19435547103,136.55162384898605
1420992061.4370234,-123373.20145889421,136.17919773326867
1420992062.4370234,-123213.75638939375,135.72133408658885
1420992063.4370234,-123073.3605691016,135.51755516258802
1420992064.4370234,-122938.15085777036,135.19345649413165
1420992065.4370234,-122802.51095172719,134.84295520040467
1420992066.4370234,-122668.6655320432,134.75010738389275
1420992067.4370234,-122532.1510351956,134.1262732584094
1420992068.4370234,-122397.77991626432,133.77524012795803
1420992069.4370234,-122263.8552485932,133.4791128792755
1420992070.4370234,-122129.98651491942,133.1348118591213
1420992071.4370234,-121996.63077043413,132.55572755318562
1420992072.4370234,-121863.24422411276,132.4578468367947
1420992073.4370234,-121730.72071069365,132.1587297718223
1420992074.4370234,-121598.39040377927,132.70628846969026
1420992075.4370234,-121467.64828068827,131.26416874428534
1420992076.4370234,-121336.68668663643,130.6816828731062
1420992077.4370234,-121206.39205570331,130.16371307957846
1420992078.4370234,-121075.946097235,129.98892147075242
1420992079.4370234,-120945.72033162181,129.7705698025496
1420992080.4370234,-120815.05999504153,129.41457572836816
1420992081.4370234,-120685.5362494803,129.011028164997
1420992082.4370234,-120556.5750654267,128.56276009407347
1420992083.4370234,-120428.83938584945,127.97264084291683
1420992084.4370234,-120300.58044588384,127.72802877853772
1420992085.4370234,-120172.88849608239,127.4163422448122
1420992086.4370234,-120044.89668908037,127.10375773071435
1420992087.4370234,-119918.28830144006,126.6820290912479
1420992088.4370234,-119792.93851835305,126.13118456229866
1420992089.4370234,-119667.4473175901,125.86147959902236
1420992090.4370234,-119541.99303911065,125.56688643836658
1420992091.4370234,-119417.24612693113,125.19557396652037
1420992092.4370234,-119291.15311292883,124.80940183322673
1420992093.4370234,-119167.67284010956,124.305935378092
1420992094.4370234,-119044.0335989198,123.87688052677531
1420992095.4370234,-118920.74143591152,123.42788301027873
1420992096.4370234,-118798.01641670095,123.08658639760307
1420992097.4370234,-118675.48128457912,122.72515898429842
1420992098.4370234,-118552.67832967626,122.35667683979
1420992099.4370234,-118430.9918773104,121.988764173881
1420992100.4370234,-118309.91547127237,121.63903788287791
1420992101.4370234,-118188.64326504312,121.32046389751088
1420992102.4370234,-118068.09608393833,120.95392397902766
1420992103.4370234,-117947.81050078722,120.53981812234498
1420992104.4370234,-117827.64383049944,120.15632681138014
1420992105.4370234,-117707.94942305403,119.78390585876278
1420992106.4370234,-117589.00799860015,119.40161380681279
1420992107.4370234,-117470.50631178606,118.96797030942977
1420992108.4370234,-117351.82537003199,118.55472371677426
1420992109.4370234,-117233.78812718048,118.17519688704647
1420992110.4370234,-117116.50905806667,117.74386448549114
1420992111.4370234,-116999.84983863513,117.38189770021832
1420992112.4370234,-116882.67621205562,116.97820228372711
1420992113.4370234,-116767.41576218257,116.55062022087331
1420992114.4370234,-116652.28008647727,116.09832118338821
1420992115.4370234,-116536.22961489594,115.72135521005765
1420992116.4370234,-116421.33776278138,115.32792575616405
1420992117.4370234,-116306.50045382083,114.94431321553522
1420992118.4370234,-116192.38760976042,114.59948932095728
1420992119.4370234,-116079.05526522684,114.20642086786677
1420992120.4370234,-115965.30791176768,113.82623731051754
1420992121.4370234,-115852.068392749,113.45498354156108
1420992122.4370234,-115738.8158815567,113.0704612361708
1420992123.4370234,-115626.23857524485,112.65446373633398
1420992124.4370234,-115514.11474296376,112.26965295055255
1420992125.4370234,-115403.05427623635,111.89548936333789
1420992126.4370234,-115292.06262917291,111.53612619649535
1420992127.4370234,-115181.15607219414,111.15798555201752
1420992128.4370234,-115070.6645671848,110.73080980506106
1420992129.4370234,-114922.55651644728,110.38480635558088
1420992130.4370234,-114785.70347973499,110.23108469771627
1420992131.4370234,-114658.1822904682,109.87859503102182
1420992132.4370234,-114539.24968780178,109.4935503651139
1420992133.4370234,-114424.4305022205,109.16385649237652
1420992134.4370234,-114312.56830020042,108.77441147451243
1420992135.4370234,-114201.48295984851,108.4905640633509
1420992136.4370234,-114091.14660546533,108.13952847857281
1420992137.4370234,-113981.73370469722,107.83562756990294
1420992138.4370234,-113872.0882957555,107.53314249932625
1420992139.4370234,-113763.37395861198,107.23826156379353
1420992140.4370234,-113655.69680307765,106.93889358627057
1420992141.4370234,-113548.65474471265,106.60451165519024
1420992142.4370234,-113441.20084203285,106.28149036676896
1420992143.4370234,-113335.26488147289,105.9199744073916
1420992144.4370234,-113229.06642996197,105.58367591915375
1420992145.4370234,-113124.04127190405,105.18248772299609
1420992146.4370234,-113019.11762756665,104.79554013349404
1420992147.4370234,-112914.58629233332,104.55356921623961
1420992148.4370234,-112810.84349969028,104.21339618544357
1420992149.4370234,-112708.20086819063,103.86079718785109
1420992150.4370234,-112605.22443288851,103.51194029524198
1420992151.4370234,-112502.51006748773,103.20340729246473
1420992152.4370234,-112314.14754509824,102.69488811302682
1420992153.4370234,-112217.84527625096,102.18476542950141
1420992154.4370234,-112120.4243958013,101.73433918517725
1420992155.4370234,-112021.4480706763,101.14748796324982
1420992156.4370234,-111920.27688441193,101.05299285494165
1420992157.4370234,-111819.43864863979,100.78668459093267
1420992158.4370234,-111718.67893164982,100.41490259858853
1420992159.4370234,-111618.4334140653,100.04321409576897
1420992160.4370234,-111518.5414830481,99.62212026441527
1420992161.4370234,-111418.78309176247,99.08816568288444
1420992162.4370234,-111319.48488719971,98.96610953090983
1420992163.4370234,-111221.11582380382,98.75615300286162
1420992164.4370234,-111123.34343806184,98.402446408658
1420992165.4370234,-111024.93943937279,98.04092085019695
1420992166.4370234,-110927.70674406027,97.46564425834434
1420992167.4370234,-110830.21078455338,97.28333412361688
1420992168.4370234,-110732.87445386087,97.04806590350947
1420992169.4370234,-110636.18957050056,96.74720189606994
1420992170.4370234,-110540.03529049172,96.36927088187507
1420992171.4370234,-110443.9055829364,95.86852787312027
1420992172.4370234,-110348.59525002488,95.59786701430123
1420992173.4370234,-110253.43711285446,95.65371274266437
1420992174.4370234,-110159.04835772855,94.86987841741974
1420992175.4370234,-110064.72883657782,94.43932450428181
1420992176.4370234,-109970.61873832803,94.17717581807995
1420992177.4370234,-109876.53244822206,93.77828301593972
1420992178.4370234,-109782.3323712806,93.62240411152624
1420992179.4370234,-109689.31252104309,93.38272473338776
1420992180.4370234,-109595.55174369253,93.07136908905657
1420992181.4370234,-109503.86158367113,92.73634405536487
1420992182.4370234,-109412.06460933255,92.33452932270438
1420992183.4370234,-109320.41210015914,91.84197339833395
1420992184.4370234,-109229.40383084767,91.66458955136069
1420992185.4370234,-109138.44295735405,91.37568318043064
1420992186.4370234,-109047.55331340546,91.1255703633174
1420992187.4370234,-108957.00017927012,90.81300560829486
1420992188.4370234,-108867.09920277461,90.32589882342563
1420992189.4370234,-108777.10203299519,90.1921125694484
1420992190.4370234,-108687.02389447637,89.96854887251075
1420992191.4370234,-108597.54656723364,89.61214617775214
1420992192.4370234,-108506.39285090123,91.30883256904667
1420992193.4370234,-108420.47217190007,88.83204762332824
1420992194.4370234,-108332.93346060043,88.12939115307536
1420992195.4370234,-108244.71266700495,87.77776527486915
1420992196.4370234,-108156.66040267952,87.83795576739104
1420992197.4370234,-108068.46751647795,87.85400922511707
1420992198.4370234,-107981.12299938261,87.73164961571696
1420992199.4370234,-107894.43688765544,87.3823443613601
1420992200.4370234,-107808.02724204508,86.87752385557877
1420992201.4370234,-107721.47173707912,86.75689288994636
1420992202.4370234,-107635.39018543117,86.59730389925959
1420992203.4370234,-107548.93095442375,86.26694029377946
1420992204.4370234,-107462.88634725095,85.95758277265388
1420992205.4370234,-107378.0177589357,85.51079398841505
1420992206.4370234,-107292.90638485433,85.35759235113878
1420992207.4370234,-107208.3662436492,85.12937795987476
1420992208.4370234,-107123.86396980386,84.89037826148386
1420992209.4370234,-107039.57310411011,84.6367558860701
1420992210.4370234,-106956.21581955283,84.2002452268968
1420992211.4370234,-106872.5352857631,84.02231887768524
1420992212.4370234,-106789.3569196347,83.75019074187188
1420992213.4370234,-106706.58919231064,83.37415631034416
1420992214.4370234,-106624.37368319153,83.00782527406933
1420992215.4370234,-106542.0181490052,82.54004571874442
1420992216.4370234,-106459.8920115622,82.45513103348262
1420992217.4370234,-106377.37615281157,82.33467201357703
1420992218.4370234,-106295.59523308497,82.14541264708643
1420992219.4370234,-106214.0647014564,81.89013430399541
1420992220.4370234,-106132.44203365462,81.46509885558378
1420992221.4370234,-106051.3403543607,81.26338427280204
1420992222.4370234,-105970.62575340664,80.9755620821647
1420992223.4370234,-105890.38300221207,80.66911290270352
1420992224.4370234,-105808.89524044372,81.27987497605639
1420992225.4370234,-105729.85921562732,79.95426933819608
1420992226.4370234,-105651.31189140155,79.59014710402538
1420992227.4370234,-105571.70048331468,79.37846774805966
1420992228.4370234,-105492.87234329277,79.23068048875092
1420992229.4370234,-105414.07702784931,79.7162547193784
1420992230.4370234,-105337.06354308344,78.56712663027251
1420992231.4370234,-105259.31833582543,78.24354249869067
1420992232.4370234,-105181.83935898122,78.09392416829498
1420992233.4370234,-105104.0435120973,77.93944270637255
1420992234.4370234,-105026.0712674053,77.78805541231861
1420992235.4370234,-104948.89529155992,77.40969991588446
1420992236.4370234,-104871.97108418665,77.2118446102534
1420992237.4370234,-104794.86554138506,77.04210920685867
1420992238.4370234,-104718.29592765559,76.79723602010807
1420992239.4370234,-104643.00744051108,76.3849089295359
1420992240.4370234,-104567.66446425371,76.21971933530659
1420992241.4370234,-104491.70660432003,76.04344065641223
1420992242.4370234,-104416.54441706251,75.75088986286644
1420992243.4370234,-104342.20642637309,75.39077503235809
1420992244.4370234,-104267.96416402228,74.95601813127632
1420992245.4370234,-104193.3555406541,74.88173777684948
1420992246.4370234,-104118.53047479653,74.72683773469646
1420992247.4370234,-104044.35610089693,74.46256622538388
1420992248.4370234,-103970.73557513043,74.18174292362882
1420992249.4370234,-103897.22620137515,73.65715981659106
1420992250.4370234,-103823.9456570391,73.56478568183748
1420992251.4370234,-103750.86009361231,73.40697811615385
1420992252.4370234,-103678.17289296185,73.16287418022458
1420992253.4370234,-103605.49634660716,72.93683547765043
1420992254.4370234,-103534.17780125298,72.49325192546605
1420992255.4370234,-103461.63984597378,72.40254711585914
1420992256.4370234,-103389.6806711369,72.2256305587226
1420992257.4370234,-103318.59471622306,71.96147797301977
1420992258.4370234,-103247.6224850937,71.7472435807954
1420992259.4370234,-103176.90069507701,71.50084114147553
1420992260.4370234,-103106.84963234651,71.03364080272375
1420992261.4370234,-103036.20816077285,70.95215537599795
1420992262.4370234,-102965.24801991528,70.88663919077575
1420992263.4370234,-102895.40908923157,70.69589369285329
1420992264.4370234,-102825.60799695444,70.45438923990051
1420992265.4370234,-102755.72285266145,70.01055758026658
1420992266.4370234,-102685.8693363092,70.06025606667083
1420992267.4370234,-102615.80155291178,69.99135966131743
1420992268.4370234,-102546.63709008122,69.78674932426507
1420992269.4370234,-102478.05804917273,69.53376631243881
1420992270.4370234,-102409.90945567291,68.95866412975961
1420992271.4370234,-102341.52698255706,68.76810643633513
1420992272.4370234,-102271.55032061433,70.39175227823601
1420992273.4370234,-102205.49048372032,68.1944108665676
1420992274.4370234,-102138.98417368354,67.42772058687751
1420992275.4370234,-102072.08635928591,67.32273839551038
1420992276.4370234,-102005.97542152523,67.08474539599618
1420992277.4370234,-101938.67990124901,67.11205149502467
1420992278.4370234,-101872.21600143639,67.09651505667858
1420992279.4370234,-101805.65963106138,66.91329832788995
1420992280.4370234,-101739.4067611413,66.71168420613726
1420992281.4370234,-101673.09414150882,66.42080914862906
1420992282.4370234,-101608.21356613917,65.93158234124802
1420992283.4370234,-101542.3895745516,65.86780416934795
1420992284.4370234,-101477.09362671895,65.71531565216782
1420992285.4370234,-101412.30903048332,65.4762429835139
1420992286.4370234,-101347.0394652658,65.24865604370282
1420992287.4370234,-101282.71897617207,64.80980998631647
1420992288.4370234,-101218.71075391305,64.75301982295474
1420992289.4370234,-101154.49241138075,64.64640409585144
1420992290.4370234,-101089.69058726983,64.4666331732643
1420992291.4370234,-101025.52977832714,64.22359675194619
1420992292.4370234,-100961.83987191593,63.75081346993908
1420992293.4370234,-100898.24776036407,63.64274673844392
1420992294.4370234,-100835.04151680913,63.701502254242584
1420992295.4370234,-100772.4872257109,63.232692129681574
1420992296.4370234,-100710.11961594775,62.975848834894755
1420992297.4370234,-100647.8498290324,62.80189530476567
1420992298.4370234,-100586.3153078199,62.64819437323731
1420992299.4370234,-100525.22631708806,62.1786303151048
1420992300.4370234,-100462.26794508309,62.19142231906884
1420992301.4370234,-100400.76123017941,62.11843052326085
1420992302.4370234,-100339.52176796681,61.97009399084144
1420992303.4370234,-100278.4439400791,61.79127948606104
1420992304.4370234,-100217.8515428652,61.31873342273601
1420992305.4370234,-100156.70597665872,61.20817890352021
1420992306.4370234,-100095.81322578013,61.1385755340781
1420992307.4370234,-100034.69602618912,60.971622881610394
1420992308.4370234,-99974.00677305402,60.76252459533001
1420992309.4370234,-99914.25661414211,60.50559948947756
1420992310.4370234,-99854.497800574,60.2372816525474
1420992311.4370234,-99794.90329186423,60.03971334450206
1420992312.4370234,-99735.04739766858,59.83041365608534
1420992313.4370234,-99676.27583096053,59.656133317960396
1420992314.4370234,-99616.91119539256,59.50358645731031
1420992315.4370234,-99558.07353513372,59.34626894752405
1420992316.4370234,-99499.3294119362,59.25368837801697
1420992317.4370234,-99440.69785954557,59.09620442058425
1420992318.4370234,-99381.9990794934,58.866147500856755
1420992319.4370234,-99323.20780583078,58.63686896034679
1420992320.4370234,-99265.51171941204,58.36379340846481
1420992321.4370234,-99208.14544406063,58.05827586969682
1420992322.4370234,-99150.85645269773,57.792193182842354
1420992323.4370234,-99094.35829793515,57.53705077588434
1420992324.4370234,-99037.60488763139,57.32058483511311
1420992325.4370234,-98980.23852671648,57.136126221555195
1420992326.4370234,-98923.71491216551,57.006591083406725
1420992327.4370234,-98867.41854727184,56.79924177682028
1420992328.4370234,-98811.1869120813,56.61481076933386
1420992329.4370234,-98755.3396234882,56.38269411724695
1420992330.4370234,-98699.9497731468,56.16564413140704
1420992331.4370234,-98644.24282285589,55.971355873100656
1420992332.4370234,-98589.03605834737,55.75280197352111
1420992333.4370234,-98534.08358218084,55.58796339486221
1420992334.4370234,-98479.01586944764,55.42906093986735
1420992335.4370234,-98424.63202682041,55.19574812717054
1420992336.4370234,-98370.21793393839,54.9520225157564
1420992337.4370234,-98316.25324154284,54.713616445501906
1420992338.4370234,-98262.91242227047,54.48068754369813
1420992339.4370234,-98209.43145830825,54.34905098356523
1420992340.4370234,-98155.49000282367,54.186285499483944
1420992341.4370234,-98102.44825720182,53.97630643390388
1420992342.4370234,-98048.75306744312,53.81146742150564
1420992343.4370234,-97995.9662646006,53.609530021845416
1420992344.4370234,-97942.74990015235,53.46149590899951
1420992345.4370234,-97892.61703654745,53.33287501804662
1420992346.4370234,-97844.31731496977,53.152339949584764
1420992347.4370234,-97792.83606887147,52.995196019351866
1420992348.4370234,-97742.07213937578,52.83737319936587
1420992349.4370234,-97690.95688753288,52.59191179726545
1420992350.4370234,-97640.56767340332,52.34932559337814
1420992351.4370234,-97589.22353369805,52.15090962304588
1420992352.4370234,-97538.3972106826,52.03196853358218
1420992353.4370234,-97486.4833142792,51.865723210033394
1420992354.4370234,-97434.4774397698,51.66269039524928
1420992355.4370234,-97383.46067849055,51.4308533583103
1420992356.4370234,-97333.47246147442,51.25260111092076
1420992357.4370234,-97282.58552407628,51.0069784162204
1420992358.4370234,-97232.90218061954,50.842829947262764
1420992359.4370234,-97182.72839250285,50.707772387954506
1420992360.4370234,-97133.34433860306,50.59040861428869
1420992361.4370234,-97082.80290093168,50.405799650002486
1420992362.4370234,-97033.32597294149,50.248766984495155
1420992363.4370234,-96983.6065134157,50.03382627405799
1420992364.4370234,-96933.71571336374,49.847075864922886
1420992365.4370234,-96884.91484671981,49.6573726385051
1420992366.4370234,-96834.97725458577,49.48333231759068
1420992367.4370234,-96787.08508132337,49.37760159037043
1420992368.4370234,-96738.76411037051,49.11075348105358
1420992369.4370234,-96689.7127159729,48.90565100539727
1420992370.4370234,-96641.13910750853,48.68161380599512
1420992371.4370234,-96592.80297000281,48.506051290602436
1420992372.4370234,-96544.86967658447,48.345475357791344
1420992373.4370234,-96497.17238682038,48.18161865627917
1420992374.4370234,-96449.10588211082,48.0404029755852
1420992375.4370234,-96401.50257850165,47.8642031394036
1420992376.4370234,-96353.84030562887,47.67244794088847
1420992377.4370234,-96306.5204644725,47.59621332773125
1420992378.4370234,-96259.47801752518,47.51265411129426
1420992379.4370234,-96212.62186154009,47.38410274616667
1420992380.4370234,-96165.80948824568,47.235274990887
1420992381.4370234,-96118.78775102082,47.03490324012715
1420992382.4370234,-96072.5237888495,46.88346850706472
1420992383.4370234,-96026.3216684572,46.64636762989158
1420992384.4370234,-95980.56624256054,46.45452084622429
1420992385.4370234,-95934.47132024502,46.28986579656166
1420992386.4370234,-95878.09701348543,46.04275424535563
1420992387.4370234,-95827.41941233832,45.8511549874439
1420992388.4370234,-95777.74243370559,45.658676087429164
1420992389.4370234,-95729.29749957558,45.52264378648897
1420992390.4370234,-95682.25840587915,45.38083777202403
1420992391.4370234,-95635.2417533374,45.286078173879474
1420992392.4370234,-95589.3592810471,45.172806505553744
1420992393.4370234,-95543.86028017673,45.01418894770494
1420992394.4370234,-95497.52967372524,44.89707412905818
1420992395.4370234,-95452.610292861,44.6981793873619
1420992396.4370234,-95407.87494407114,44.55037591437596
1420992397.4370234,-95363.37944738193,44.441646267060655
1420992398.4370234,-95318.6936250592,44.31278051159377
1420992399.4370234,-95273.70134908006,44.118904889142534
1420992400.4370234,-95229.39390858372,43.97347544232936
1420992401.4370234,-95186.26939491108,43.84159399830705
1420992402.4370234,-95143.1561533619,43.70631523435384
1420992403.4370234,-95099.43992112562,43.52004148364091
1420992404.4370234,-95056.89158714314,43.362817793253136
1420992405.4370234,-95014.60892269791,43.15741846164925
1420992406.4370234,-94971.8891371982,42.95998941893693
1420992407.4370234,-94929.18623715873,42.78262949195891
1420992408.4370234,-94886.67404210361,42.684679240903726
1420992409.4370234,-94844.82490605205,42.530796083394804
1420992410.4370234,-94802.21439775787,42.41297410694575
1420992411.4370234,-94759.97120890589,42.36330254691103
1420992412.4370234,-94718.40702079631,42.22674049275447
1420992413.4370234,-94676.1329672041,42.171473051606775
1420992414.4370234,-94633.64980702334,42.08800530735369
1420992415.4370234,-94591.58942808183,41.97170282868281
1420992416.4370234,-94549.38278581756,41.86033239945266
1420992417.4370234,-94507.98794631918,41.69002271629221
1420992418.4370234,-94467.02037548367,41.573142094356584
1420992419.4370234,-94426.16281023431,41.35980655443182
1420992420.4370234,-94384.48346595015,41.14286770526089
1420992421.4370234,-94343.95352562549,40.93722810699467
1420992422.4370234,-94304.69205140928,40.703202308346015
1420992423.4370234,-94264.47733622762,40.509772994904246
1420992424.4370234,-94224.65080337707,40.37277136218744
1420992425.4370234,-94184.68376179325,40.21089515842614
1420992426.4370234,-94144.15422724326,40.057862905010815
1420992427.4370234,-94104.0846872473,39.89684609925703
1420992428.4370234,-94065.5518704883,39.72929344958137
1420992429.4370234,-94025.9596143993,39.638553303780796
1420992430.4370234,-93986.76700684825,39.545136586735545
1420992431.4370234,-93947.42961741294,39.45301225008881
1420992432.4370234,-93908.08570834967,39.286585647669206
1420992433.4370234,-93869.22510502081,39.12253989013641
1420992434.4370234,-93830.71921776727,38.919804518316404
1420992435.4370234,-93792.5144588606,38.785675236387796
1420992436.4370234,-93754.08810695886,38.649890830515375
1420992437.4370234,-93715.23447096109,38.53924817248304
1420992438.4370234,-93677.75158293397,38.401347074051905
1420992439.4370234,-93639.17290159881,38.250989638049155
1420992440.4370234,-93601.07495281777,38.22143085262668
1420992441.4370234,-93562.71380843924,38.247471946777736
1420992442.4370234,-93524.55475979828,38.183449151558065
1420992443.4370234,-93487.09155518022,38.1004115965485
1420992444.4370234,-93449.52373357021,37.9252139505408
1420992445.4370234,-93412.69435739763,37.68075143408879
1420992446.4370234,-93375.65733386845,37.43958612245404
1420992447.4370234,-93338.80408023483,37.230841302988885
1420992448.4370234,-93300.69130561413,37.14421397198681
1420992449.4370234,-93263.710369731,37.052917647126115
1420992450.4370234,-93227.21890352447,36.89668843221614
1420992451.4370234,-93190.82747906283,36.78917111917086
1420992452.4370234,-93154.735605102,36.64126116217176
1420992453.4370234,-93118.44504422006,36.58503611071488
1420992454.4370234,-93082.38173436977,36.511979974785774
1420992455.4370234,-93045.89321147747,36.40605201245475
1420992456.4370234,-93006.74162492891,36.29675887086525
1420992457.4370234,-92969.46339540339,36.183408576283966
1420992458.4370234,-92933.06081582334,36.09214199316939
1420992459.4370234,-92897.4817896741,35.92806875148134
1420992460.4370234,-92862.2619955748,35.81552617863994
1420992461.4370234,-92826.8521747264,35.621851833384014
1420992462.4370234,-92791.41799533731,35.457812801105
1420992463.4370234,-92757.02183253742,35.27932864287521
1420992464.4370234,-92721.93295011495,35.08340668440466
1420992465.4370234,-92686.972218911,34.978357751822244
1420992466.4370234,-92651.43700681938,34.88189048676334
1420992467.4370234,-92616.82155710446,34.693870288063614
1420992468.4370234,-92582.70880087922,34.60699673088908
1420992469.4370234,-92547.94009592956,34.532069704137506
1420992470.4370234,-92514.44760723723,34.43408609843117
1420992471.4370234,-92480.32919230516,34.324937161927956
1420992472.4370234,-92446.86875924205,34.15514408837513
1420992473.4370234,-92412.84570612921,34.07362570124295
1420992474.4370234,-92379.05500993178,33.928265235886215
1420992475.4370234,-92345.20256131561,33.74858740912291
1420992476.4370234,-92312.22274746571,33.588201031748525
1420992477.4370234,-92278.7895476542,33.49734071483509
1420992478.4370234,-92245.58686476044,33.38262838643069
1420992479.4370234,-92212.89261758211,33.279478469357144
1420992480.4370234,-92180.17159542273,33.172862119349865
1420992481.4370234,-92147.51894759138,33.09292407007312
1420992482.4370234,-92114.90193380944,32.990719826762124
1420992483.4370234,-92082.6143917834,32.85577270082904
1420992484.4370234,-92050.41699156558,32.69347913950016
1420992485.4370234,-92017.85853359062,32.57174984041095
1420992486.4370234,-91985.43326802636,32.41606749012517
1420992487.4370234,-91953.23231793707,32.298837067920914
1420992488.4370234,-91921.75464905334,32.11709844479773
1420992489.4370234,-91890.0042736026,31.993890143394445
1420992490.4370234,-91858.49903311895,31.83898303991245
1420992491.4370234,-91827.21623958003,31.72013671104351
1420992492.4370234,-91795.58265687442,31.60251140438386
1420992493.4370234,-91764.48627567755,31.489477613847885
1420992494.4370234,-91733.19898188648,31.399260379554434
1420992495.4370234,-91702.33462670197,31.257903911965496
1420992496.4370234,-91671.25464511923,31.13628030665375
1420992497.4370234,-91640.09917267333,31.02965315667739
1420992498.4370234,-91609.92287065228,30.9374269864292
1420992499.4370234,-91579.31017991363,30.853720398462883
1420992500.4370234,-91549.16466346328,30.696203917546484
1420992501.4370234,-91518.7761086318,30.541220994463455
1420992502.4370234,-91488.7116071088,30.443774825716694
1420992503.4370234,-91459.1335040861,30.29394225564566
1420992504.4370234,-91428.77406394345,30.219263701745156
1420992505.4370234,-91398.78268895241,30.145089770972497
1420992506.4370234,-91368.94759562291,30.031035903078372
1420992507.4370234,-91339.34484750737,29.921810318961267
1420992508.4370234,-91309.39533378657,29.867264997970388
1420992509.4370234,-91280.39823293692,29.79449252705396
1420992510.4370234,-91251.17417255872,29.657112308363057
1420992511.4370234,-91222.1008278363,29.510841504075096
1420992512.4370234,-91193.01065238351,29.37282549411104
1420992513.4370234,-91162.09869154009,29.338616943328105
1420992514.4370234,-91133.68782997012,29.154702550061618
1420992515.4370234,-91104.52096667957,29.043429504504108
1420992516.4370234,-91075.62334125905,28.908346383741765
1420992517.4370234,-91047.60342883281,28.7331028939194
1420992518.4370234,-91018.36463553763,28.6149351215529
1420992519.4370234,-90990.68819635396,28.47091179162073
1420992520.4370234,-90962.39471332029,28.40202396855252
1420992521.4370234,-90934.85033154518,28.27805483263058
1420992522.4370234,-90907.0967721482,28.209266693004743
1420992523.4370234,-90879.41116097436,28.060814115711434
1420992524.4370234,-90851.41732714693,27.97962680096499
1420992525.4370234,-90823.18834416787,27.965087899106425
1420992526.4370234,-90795.4135028261,27.929011258334928
1420992527.4370234,-90767.32757358285,27.85053788616917
1420992528.4370234,-90740.10925460517,27.73199131162585
1420992529.4370234,-90713.31789532311,27.597762218496293
1420992530.4370234,-90681.97378989896,27.4390412378599
1420992531.4370234,-90654.13296357756,27.375106577476437
1420992532.4370234,-90625.53635713451,27.26579535488664
1420992533.4370234,-90598.37791729676,26.937853271434065
1420992534.4370234,-90571.76495099322,26.941630894722984
1420992535.4370234,-90545.0022228358,26.934010735313183
1420992536.4370234,-90517.77404598816,26.86004868434305
1420992537.4370234,-90491.71413901642,26.693658955403148
1420992538.4370234,-90466.22921595891,26.590638057670475
1420992539.4370234,-90440.52894595476,26.468692939304425
1420992540.4370234,-90415.06564969831,26.367917274376452
1420992541.4370234,-90388.88584631447,26.252857598227024
1420992542.4370234,-90363.04052755875,26.208273299273948
1420992543.4370234,-90336.41707402948,26.12453162225606
1420992544.4370234,-90311.2358358417,25.99114429773873
1420992545.4370234,-90285.38599217408,25.83041712969408
1420992546.4370234,-90260.0789675363,25.72119381010584
1420992547.4370234,-90234.62242446124,25.653211706717478
1420992548.4370234,-90209.3491875688,25.577124213284144
1420992549.4370234,-90184.42234722088,25.447086779624488
1420992550.4370234,-90159.0813991181,25.367209557775922
1420992551.4370234,-90134.08354032373,25.28302449485069
1420992552.4370234,-90109.3234502365,25.18909218376205
1420992553.4370234,-90084.83473104688,25.161082650850968
1420992554.4370234,-90060.41120350246,25.0236968345994
1420992555.4370234,-90036.11990181738,24.907906560907175
1420992556.4370234,-90011.66327733829,24.792210562791517
1420992557.4370234,-89987.07890242901,24.65259822865513
1420992558.4370234,-89962.95688607209,24.5250302751008
1420992559.4370234,-89954.39526290231,24.414473470132926
1420992560.4370234,-89937.50545567728,24.275398045233302
1420992561.4370234,-89922.22020161635,24.162393134155568
1420992562.4370234,-89903.82013873114,24.008322618051164
1420992563.4370234,-89882.56752185411,23.87102170236415
1420992564.4370234,-89863.31728227132,23.753776185340712
1420992565.4370234,-89842.02842314502,23.69744310363695
1420992566.4370234,-89819.63032351097,23.52465862516779
1420992567.4370234,-89798.05065066354,23.397828839838937
1420992568.4370234,-89776.61394946935,23.268007796680244
1420992569.4370234,-89754.613536531,23.167044300685227
1420992570.4370234,-89733.32768316861,23.097431798135506
1420992571.4370234,-89712.33058232114,22.99477809165434
1420992572.4370234,-89688.81039375451,22.863847131563425
1420992573.4370234,-89667.31218256908,22.75485501197065
1420992574.4370234,-89644.8561283468,22.69708143026707
1420992575.4370234,-89623.29886590589,22.61922798601323
1420992576.4370234,-89601.66323480188,22.464303353120258
1420992577.4370234,-89579.78080593178,22.419066832680365
1420992578.4370234,-89558.14130093812,22.309943415897607
1420992579.4370234,-89536.57263354585,22.180339774754405
1420992580.4370234,-89515.46276428453,22.034216555665207
1420992581.4370234,-89493.66480280495,21.91349171263875
1420992582.4370234,-89471.9939162456,21.775915987225552
1420992583.4370234,-89450.52492509819,21.71197240721762
1420992584.4370234,-89429.76269368241,21.58207083680615
1420992585.4370234,-89408.47778434801,21.492537010806956
1420992586.4370234,-89380.64932614828,21.403925082675467
1420992587.4370234,-89354.80817132945,21.29692154879625
1420992588.4370234,-89331.41662400925,21.223858470380666
1420992589.4370234,-89309.35589093545,21.060933399317538
1420992590.4370234,-89287.16897967181,20.995295898052223
1420992591.4370234,-89265.14987997324,20.892110553848028
1420992592.4370234,-89242.67541267496,20.82152719211476
1420992593.4370234,-89221.74213963782,20.727615855991925
1420992594.4370234,-89199.88851302161,20.603512595681135
1420992595.4370234,-89179.47499826597,20.398258523566984
1420992596.4370234,-89159.13575105781,20.282765967979397
1420992597.4370234,-89138.63330895427,20.20251768154951
1420992598.4370234,-89118.5207761368,20.072410725196445
1420992599.4370234,-89097.26939651348,20.056721317938702
1420992600.4370234,-89076.57705442916,19.96615661843538
1420992601.4370234,-89055.4486212769,19.87768148457212
1420992602.4370234,-89036.0274708397,19.78873971615839
1420992603.4370234,-89016.24028669247,19.721082820764348
1420992604.4370234,-88996.50140578467,19.613030945222082
1420992605.4370234,-88976.76796904398,19.499520364641203
1420992606.4370234,-88956.93040739802,19.43170960779794
1420992607.4370234,-88937.27265100757,19.293296541040927
1420992608.4370234,-88918.4857991225,19.15330090073656
1420992609.4370234,-88899.3448076622,18.997794123239565
1420992610.4370234,-88880.60397718266,18.914899846821324
1420992611.4370234,-88861.33886356716,18.81917784371842
1420992612.4370234,-88842.6621349217,18.757069003701535
1420992613.4370234,-88824.47496532093,18.670715249248254
1420992614.4370234,-88806.32949028288,18.53276206621565
1420992615.4370234,-88788.75976797163,18.402670604478544
1420992616.4370234,-88770.08498887264,18.400330740527675
1420992617.4370234,-88751.61096469709,18.380301903069427
1420992618.4370234,-88732.88408723475,18.319567977898103
1420992619.4370234,-88714.86665210937,18.122802152905518
1420992620.4370234,-88697.0252137745,17.93603120197379
1420992621.4370234,-88679.48362154291,17.74267503213771
1420992622.4370234,-88662.06264028644,17.61196542152811
1420992623.4370234,-88644.66695139738,17.5027010307192
1420992624.4370234,-88627.21117296953,17.39761632111228
1420992625.4370234,-88610.20503156725,17.311701128606728
1420992626.4370234,-88593.74224091669,17.19586169731592
1420992627.4370234,-88576.80483023786,17.14037812495574
1420992628.4370234,-88559.49126531281,17.062870039909576
1420992629.4370234,-88542.28294990544,17.032480914454048
1420992630.4370234,-88525.40109132703,16.89234859197936
1420992631.4370234,-88506.85822041046,16.777783546653154
1420992632.4370234,-88490.37574064189,16.537476497856414
1420992633.4370234,-88474.22643218203,16.32958793126026
1420992634.4370234,-88458.20493647514,16.19087750085831
1420992635.4370234,-88441.8467560987,16.13748668106693
1420992636.4370234,-88425.8162404161,16.02329118287799
1420992637.4370234,-88409.41274110544,16.016490843298502
1420992638.4370234,-88393.38996143026,16.004853475101772
1420992639.4370234,-88377.37610822587,15.95939482220064
1420992640.4370234,-88360.97619983602,15.982042670801524
1420992641.4370234,-88345.11591291951,15.968151207151136
1420992642.4370234,-88328.34886738104,15.955555289196873
1420992643.4370234,-88312.39771100237,15.919730491437544
1420992644.4370234,-88296.71876322215,15.787313431002863
1420992645.4370234,-88281.27403308179,15.654590968903117
1420992646.4370234,-88266.38989330233,15.54329363568776
1420992647.4370234,-88251.426310016,15.408865525842955
1420992648.4370234,-88236.38241929124,15.30489892036455
1420992649.4370234,-88221.75646526377,15.187512670844995
1420992650.4370234,-88206.83490705135,15.067763147204987
1420992651.4370234,-88192.05049655621,14.9944885346804
1420992652.4370234,-88177.17285397944,14.824366405194272
1420992653.4370234,-88161.93157042564,14.65162619533128
1420992654.4370234,-88147.29938974007,14.523383741905747
1420992655.4370234,-88130.87163457175,14.48738834320719
1420992656.4370234,-88114.88421480359,14.514159743050989
1420992657.4370234,-88100.97949740828,14.26237225326903
1420992658.4370234,-88085.80906866453,14.304433631679604
1420992659.4370234,-88070.96514013488,14.345714619060887
1420992660.4370234,-88056.28504327625,14.271301993914365
1420992661.4370234,-88042.02663422358,14.1919673675805
1420992662.4370234,-88028.67435219199,13.811423661749908
1420992663.4370234,-88014.16841005723,13.834989503526051
1420992664.4370234,-88000.11244351516,13.842433600188194
1420992665.4370234,-87986.95708563739,13.74152334653192
1420992666.4370234,-87972.64444363368,13.65383957375608
1420992667.4370234,-87960.31942010648,13.63593771937702
1420992668.4370234,-87946.46192023464,13.581223155096326
1420992669.4370234,-87932.7064524738,13.424731002073278
1420992670.4370234,-87919.06469201676,13.28111752546634
1420992671.4370234,-87907.42078515797,13.141616265810201
1420992672.4370234,-87895.56831962147,13.084000166904524
1420992673.4370234,-87883.58414176524,12.97527730005834
1420992674.4370234,-87872.00982416674,12.90098659117586
1420992675.4370234,-87858.96952715881,12.842841331071321
1420992676.4370234,-87846.99620507583,12.734267173496292
1420992677.4370234,-87833.94740282581,12.59001124530188
1420992678.4370234,-87820.74438376423,12.528757662078505
1420992679.4370234,-87808.56041475249,12.46096827228854
1420992680.4370234,-87796.27627989932,12.377089304701405
1420992681.4370234,-87784.39832558102,12.336532325417433
1420992682.4370234,-87772.76748092035,12.343232806318236
1420992683.4370234,-87760.48220337278,12.30749087353412
1420992684.4370234,-87748.56689423416,12.215408388707043
1420992685.4370234,-87737.13924184872,12.098560537269536
1420992686.4370234,-87726.4787572208,11.984206354840838
1420992687.4370234,-87714.41663194752,11.901038118610483
1420992688.4370234,-87702.3519052455,11.755165159116707
1420992689.4370234,-87691.48069870182,11.664694942892767
1420992690.4370234,-87680.74276316482,11.58979112517886
1420992691.4370234,-87669.74038495567,11.521285158417284
1420992692.4370234,-87658.71467672408,11.539404164977698
1420992693.4370234,-87647.33604061023,11.493732299288308
1420992694.4370234,-87636.92314778415,11.378659396847373
1420992695.4370234,-87626.7534264365,11.27153849465558
1420992696.4370234,-87615.65929452043,11.206914284702474
1420992697.4370234,-87605.02256438881,11.089965396107075
1420992698.4370234,-87593.8753598206,11.021159953155435
1420992699.4370234,-87583.40993565135,10.92314017365271
1420992700.4370234,-87573.01511559931,10.890481286238552
1420992701.4370234,-87562.06447378224,10.862131770529905
1420992702.4370234,-87551.34229406317,10.820927376448324
1420992703.4370234,-87541.09269747646,10.72751137194959
1420992704.4370234,-87530.70410031396,10.666634978190517
1420992705.4370234,-87524.84440875486,10.50047636390401
1420992706.4370234,-87516.64412838715,10.321584996040556
1420992707.4370234,-87508.8896313689,10.251268575942468
1420992708.4370234,-87498.73219672231,10.160449541285452
1420992709.4370234,-87488.90832411384,10.118180565652754
1420992710.4370234,-87479.80946402604,10.080902253124275
1420992711.4370234,-87471.1601349539,9.981259526850106
1420992712.4370234,-87461.41738130612,9.880297258464209
1420992713.4370234,-87452.2851491809,9.778283167940295
1420992714.4370234,-87443.06390704036,9.695730461860062
1420992715.4370234,-87433.71035152183,9.634939754095102
1420992716.4370234,-87423.71932291372,9.55001262404045
1420992717.4370234,-87413.77217356751,9.488268207533274
1420992718.4370234,-87405.26550169339,9.400805905175497
1420992719.4370234,-87396.56159472483,9.336152691848529
1420992720.4370234,-87388.03599398289,9.277814330599679
1420992721.4370234,-87378.03327173163,9.222399743682038
1420992722.4370234,-87368.5696723933,9.146966577860512
1420992723.4370234,-87359.1927314776,9.098864967830686
1420992724.4370234,-87350.83062060346,9.067977327797152
1420992725.4370234,-87341.72064173761,9.016290204931895
1420992726.4370234,-87332.3385890865,8.885858598300732
1420992727.4370234,-87323.9971232644,8.85288624226484
1420992728.4370234,-87315.71469024681,8.790355230032482
1420992729.4370234,-87307.69793896824,8.652973527943903
1420992730.4370234,-87299.22165548078,8.58203965436324
1420992731.4370234,-87290.66285571731,8.429347761874203
1420992732.4370234,-87282.50181247147,8.284862556445557
1420992733.4370234,-87275.03707680732,8.190379549001745
1420992734.4370234,-87266.78850993214,8.146212798704706
1420992735.4370234,-87258.64631207167,8.144588655366691
1420992736.4370234,-87250.85495038962,8.174171537801932
1420992737.4370234,-87242.74686753354,8.159729002832723
1420992738.4370234,-87234.4367961855,8.155202657409871
1420992739.4370234,-87227.11061247994,8.033126506946957
1420992740.4370234,-87219.52589435078,8.025027816421137
1420992741.4370234,-87212.67005994108,7.9540098751169035
1420992742.4370234,-87204.83958638717,7.845297765017072
1420992743.4370234,-87197.49731635109,7.751155200212962
1420992744.4370234,-87190.45960860429,7.639119440761231
1420992745.4370234,-87183.02246898902,7.570304651304103
1420992746.4370234,-87175.9884590391,7.51227680902562
1420992747.4370234,-87168.51059400583,7.454377475769809
1420992748.4370234,-87161.46181096505,7.34453162348023
1420992749.4370234,-87154.44806139244,7.237932071072139
1420992750.4370234,-87147.56148748648,7.114687405388637
1420992751.4370234,-87140.79222260142,7.032885354238755
1420992752.4370234,-87134.12729808244,6.94992243698
1420992753.4370234,-87127.08186691164,6.872393215845034
1420992754.4370234,-87120.15997834614,6.8226435240218235
1420992755.4370234,-87113.59837610062,6.790896656323288
1420992756.4370234,-87107.00319670171,6.7381819616793575
1420992757.4370234,-87100.49667022059,6.677209012130816
1420992758.4370234,-87093.7241375296,6.667075927125299
1420992759.4370234,-87087.24366511668,6.687827488341572
1420992760.4370234,-87080.98003229192,6.597446844658319
1420992761.4370234,-87071.54344342023,6.387351819454034
1420992762.4370234,-87063.94415194119,6.3038908029126475
1420992763.4370234,-87056.64113600984,6.254942139106687
1420992764.4370234,-87049.04152005524,6.1819830723389035
1420992765.4370234,-87042.54622479304,6.099239333174934
1420992766.4370234,-87035.85570497777,6.034025726199996
1420992767.4370234,-87030.09796676552,5.959894425270364
1420992768.4370234,-87024.0976573218,5.922113740159663
1420992769.4370234,-87017.6655351258,5.8746144211838995
1420992770.4370234,-87011.79134903011,5.869619378753101
1420992771.4370234,-87005.68859388276,5.89294725967953
1420992772.4370234,-87000.48824696023,5.896842434578691
1420992773.4370234,-86994.4799105361,5.865071760997176
1420992774.4370234,-86988.52233477516,5.831166322316675
1420992775.4370234,-86982.88916301855,5.772582684493457
1420992776.4370234,-86977.10113571932,5.668181492673287
1420992777.4370234,-86971.31636743582,5.577206846047764
1420992778.4370234,-86965.6213493244,5.485573882105804
1420992779.4370234,-86960.18787411443,5.387916418649752
1420992780.4370234,-86955.27910216116,5.2561312459226945
1420992781.4370234,-86950.34987965321,5.12784221314598
1420992782.4370234,-86945.41202947826,5.08796103569809
1420992783.4370234,-86939.7948157616,5.084205463438372
1420992784.4370234,-86934.95547603167,4.993300824490712
1420992785.4370234,-86929.72437130583,5.003318354610755
1420992786.4370234,-86925.05899711701,4.876499459581257
1420992787.4370234,-86920.54690148415,4.792608402047259
1420992788.4370234,-86916.15325880882,4.684766840012362
1420992789.4370234,-86911.62906098341,4.590296870530576
1420992790.4370234,-86907.60365655892,4.536229280982909
1420992791.4370234,-86902.34932177862,4.599535554709331
1420992792.4370234,-86897.69054498343,4.629645886345344
1420992793.4370234,-86893.2616646041,4.6184226362054925
1420992794.4370234,-86888.34897434284,4.629609648450305
1420992795.4370234,-86883.199315279,4.610377564398553
1420992796.4370234,-86878.71954631504,4.532359108908533
1420992797.4370234,-86874.62034354443,4.4083104541924385
1420992798.4370234,-86869.97793414154,4.343520663355079
1420992799.4370234,-86865.54201642485,4.281057128211713
1420992800.4370234,-86860.92302152562,4.288605582064266
1420992801.4370234,-86856.50312716485,4.220757646490843
1420992802.4370234,-86852.88869629872,4.03696193022682
1420992803.4370234,-86848.96007639215,3.9547585654363573
1420992804.4370234,-86844.65761027802,3.8998939084367734
1420992805.4370234,-86840.72229760583,3.883223712555393
1420992806.4370234,-86837.41569927956,3.8431370398367313
1420992807.4370234,-86833.68865621775,3.779549497272472
1420992808.4370234,-86829.77639683828,3.7791909169892914
1420992809.4370234,-86826.37726455953,3.7182048081232812
1420992810.4370234,-86823.19518965046,3.649555343637472
1420992811.4370234,-86819.59754423019,3.5872910387739876
1420992812.4370234,-86815.92476338874,3.559041091225913
1420992813.4370234,-86811.52006285927,3.526908082103548
1420992814.4370234,-86808.20055975243,3.432645693674606
1420992815.4370234,-86805.12938170209,3.3917915490136443
1420992816.4370234,-86801.64283819757,3.324816177135666
1420992817.4370234,-86798.28473061763,3.3038036814125373
1420992818.4370234,-86795.60034359108,3.2242201989697934
1420992819.4370234,-86792.32230713125,3.227729008563948
1420992820.4370234,-86789.14251015865,3.2046481981815043
1420992821.4370234,-86785.8424458058,3.117198109053454
1420992822.4370234,-86783.08022324299,3.013165374112675
1420992823.4370234,-86780.07651117984,2.9356550640952994
1420992824.4370234,-86776.9993632543,2.8784112556062653
1420992825.4370234,-86774.21744468085,2.7741994728203454
1420992826.4370234,-86771.39123247607,2.714304900401985
1420992827.4370234,-86768.51628072107,2.6668014902638997
1420992828.4370234,-86765.62904411607,2.615657110172804
1420992829.4370234,-86763.20386006567,2.5735446387933316
1420992830.4370234,-86760.47711964446,2.4995007619672704
1420992831.4370234,-86758.16869709209,2.501402184298194
1420992832.4370234,-86756.16255482286,2.409564114630764
1420992833.4370234,-86753.8800842444,2.287740446331638
1420992834.4370234,-86752.05634131821,2.1848192081834275
1420992835.4370234,-86749.92717385972,2.098871066772638
1420992836.4370234,-86748.04044628747,2.0231104160751467
1420992837.4370234,-86746.09157973116,2.0168300133773602
1420992838.4370234,-86744.23578492494,2.0115329246725775
1420992839.4370234,-86742.34058429487,1.9328078165445772
1420992840.4370234,-86740.83019867184,1.7698502894463328
1420992841.4370234,-86739.0510285769,1.7656009947540385
1420992842.4370234,-86736.61846225939,1.7507662743195245
1420992843.4370234,-86734.82854123546,1.7148815772575612
1420992844.4370234,-86733.54378912917,1.7048832396672278
1420992845.4370234,-86731.79212546225,1.6944819963001292
1420992846.4370234,-86730.10139651677,1.7155775518603298
1420992847.4370234,-86728.10420565841,1.7708543043146594
1420992848.4370234,-86726.35896766132,1.7810021068407023
1420992849.4370234,-86724.73436241785,1.7355031559926444
1420992850.4370234,-86723.39676546624,1.6893377894541508
1420992851.4370234,-86722.31016268418,1.5492185092304647
1420992852.4370234,-86720.78247224423,1.4066931369118165
1420992853.4370234,-86719.19350412075,1.3209117619115311
1420992854.4370234,-86717.88726140883,1.1767226793394086
1420992855.4370234,-86717.21460649968,1.043414927477809
1420992856.4370234,-86716.1124157169,1.052681021571684
1420992857.4370234,-86715.3776604934,0.9711741744325911
1420992858.4370234,-86714.30215692014,0.986679924295765
1420992859.4370234,-86713.61397410482,0.9316794568477861
1420992860.4370234,-86712.71023145114,0.8124279009248525
1420992861.4370234,-86711.98006796266,0.7308560854325502
1420992862.4370234,-86712.00963064047,0.6168632089137558
1420992863.4370234,-86711.31782519622,0.577500847525896
1420992864.4370234,-86711.09103756616,0.5755716799590836
1420992865.4370234,-86710.49903364749,0.504384357266986
1420992866.4370234,-86710.07188309096,0.5300239955931643
1420992867.4370234,-86709.2935908,0.5567584444597616
1420992868.4370234,-86708.95803341863,0.5193789503071896
1420992869.4370234,-86708.63968983204,0.49937693571853764
1420992870.4370234,-86708.4023530875,0.44149243161666935
1420992871.4370234,-86708.0232422109,0.4321694364674864
1420992872.4370234,-86707.52415026668,0.33561225876790496
1420992873.4370234,-86707.85908249533,0.2594101428468552
1420992874.4370234,-86708.25308632055,0.2293448202729852
1420992875.4370234,-86707.99379332228,0.24611534142248706
1420992876.4370234,-86708.01936820816,0.2311229269585638
1420992877.4370234,-86708.0512111552,0.2544451265214018
1420992878.4370234,-86708.1054391389,0.1815031381613832
1420992879.4370234,-86708.1084267169,0.07093291318564873
1420992880.4370234,-86708.12411492925,0.052150482652357166
1420992881.4370234,-86708.22642459231,0.009114472191513191
1420992882.4370234,-86708.1688807982,-0.03873817764263266
1420992883.4370234,-86708.69351198961,-0.14501944064870076
1420992884.4370234,-86709.1786626237,-0.17094792635035963
1420992885.4370234,-86709.76155172766,-0.2006816838861456
1420992886.4370234,-86709.32973819408,-0.18832997913411934
1420992887.4370234,-86709.81914446679,-0.21613645583532806
1420992888.4370234,-86710.25473146625,-0.2812375905066767
1420992889.4370234,-86710.66359293673,-0.4147095527539444
1420992890.4370234,-86711.23917387669,-0.4755597883425236
1420992891.4370234,-86712.38219938523,-0.5421395240023771
1420992892.4370234,-86713.1651533274,-0.591310721836842
1420992893.4370234,-86714.27318954041,-0.6513066269507636
1420992894.4370234,-86715.23969044471,-0.6909007581568585
1420992895.4370234,-86716.32571078648,-0.707388236919819
1420992896.4370234,-86717.85668000297,-0.7990945574483121
1420992897.4370234,-86718.97096817392,-0.8798570348012652
1420992898.4370234,-86720.02843420002,-0.9360360207727988
1420992899.4370234,-86721.14018556266,-1.0047107303557228
1420992900.4370234,-86722.02831097813,-1.0084877188411774
1420992901.4370234,-86722.70632284474,-0.9532946414830465
1420992902.4370234,-86723.58278854305,-0.9846067444100507
1420992903.4370234,-86725.11683971807,-1.0989688680633947
1420992904.4370234,-86726.46305012643,-1.146182437576037
1420992905.4370234,-86728.15940107235,-1.2459311108590665
1420992906.4370234,-86729.62677257684,-1.2964815678722308
1420992907.4370234,-86731.30268022587,-1.2964721489486868
1420992908.4370234,-86733.1943965047,-1.3361730548139596
1420992909.4370234,-86731.01763405556,-1.359569777222694
1420992910.4370234,-86730.48223602153,-1.3865731263897225
1420992911.4370234,-86729.57046351784,-1.395829347927625
1420992912.4370234,-86730.19637642393,-1.4193941134829131
1420992913.4370234,-86731.83217400256,-1.499425014015715
1420992914.4370234,-86733.26722576378,-1.5893349700887602
1420992915.4370234,-86735.39104150256,-1.713180765361785
1420992916.4370234,-86737.53331056114,-1.7540655142414372
1420992917.4370234,-86739.38965007794,-1.8588754230818567
1420992918.4370234,-86741.65289603699,-1.9019058376450446
1420992919.4370234,-86743.32555384004,-1.9056198423954953
1420992920.4370234,-86745.50458591181,-1.9228840264632325
1420992921.4370234,-86747.8878839373,-2.01900829128487
1420992922.4370234,-86750.12265461111,-2.097468668111876
1420992923.4370234,-86751.98416361089,-2.1115078258376605
1420992924.4370234,-86754.49041205077,-2.1411984901295837
1420992925.4370234,-86757.21519384421,-2.22456552521133
1420992926.4370234,-86759.33906187174,-2.2143223303282213
1420992927.4370234,-86761.96283362,-2.2677690539100563
1420992928.4370234,-86764.21023936736,-2.3547240872692705
1420992929.4370234,-86767.00679188363,-2.4585636549185907
1420992930.4370234,-86769.37322755867,-2.429259513008254
1420992931.4370234,-86772.01322260199,-2.492879159335214
1420992932.4370234,-86774.84480224586,-2.541509004726197
1420992933.4370234,-86777.5715497616,-2.580712040860907
1420992934.4370234,-86780.37937060208,-2.6807056292820364
1420992935.4370234,-86783.27262113075,-2.732071597161585
1420992936.4370234,-86786.06859578182,-2.7206086131389635
1420992937.4370234,-86788.95674171693,-2.7527087169281055
1420992938.4370234,-86791.910697711,-2.8149910450482105
1420992939.4370234,-86794.89318148815,-2.8626679266504684
1420992940.4370234,-86798.09803247958,-2.988980895798083
1420992941.4370234,-86801.51269489278,-2.983840383249455
1420992942.4370234,-86804.9224770485,-3.08368235242802
1420992943.4370234,-86808.28925890333,-3.1967668722039027
1420992944.4370234,-86811.9618583482,-3.317519171484249
1420992945.4370234,-86798.33975813125,-3.383701474860364
1420992946.4370234,-86793.35455775693,-3.3828467446272796
1420992947.4370234,-86791.72913813674,-3.386679068170813
1420992948.4370234,-86792.44981255138,-3.380225616864055
1420992949.4370234,-86793.98723819322,-3.378056690915178
1420992950.4370234,-86795.62124373471,-3.3616183293492927
1420992951.4370234,-86797.42083950396,-3.459735667117654
1420992952.4370234,-86800.51861947103,-3.5240841655655495
1420992953.4370234,-86802.83297200086,-3.559957101031252
1420992954.4370234,-86805.70452310683,-3.6210383118736016
1420992955.4370234,-86808.47677132013,-3.6320061227429563
1420992956.4370234,-86811.72037823572,-3.679859962503954
1420992957.4370234,-86814.76512290022,-3.674820793276658
1420992958.4370234,-86817.82423970051,-3.624464340598783
1420992959.4370234,-86821.74969340864,-3.6138082008651775
1420992960.4370234,-86825.40419960316,-3.624701547327989
1420992961.4370234,-86828.79535307968,-3.6630019027742664
1420992962.4370234,-86832.11027203294,-3.6778723130188986
1420992963.4370234,-86836.19122939605,-3.7235341999143103
1420992964.4370234,-86840.54369578145,-3.845572921222113
1420992965.4370234,-86844.27574732923,-3.8733331435030895
1420992966.4370234,-86848.51313126164,-3.9853499612710612
1420992967.4370234,-86852.39408777376,-4.060782888933541
1420992968.4370234,-86856.65057246422,-4.145661751002174
1420992969.4370234,-86860.82501640129,-4.179364951743003
1420992970.4370234,-86865.49466862668,-4.23067638494888
1420992971.4370234,-86869.97518595199,-4.323623897575304
1420992972.4370234,-86874.81435025354,-4.375220811993548
1420992973.4370234,-86879.60817351684,-4.376974744874484
1420992974.4370234,-86884.64534230859,-4.491505906137311
1420992975.4370234,-86889.41169182744,-4.512982013909883
1420992976.4370234,-86894.2336468395,-4.548523138297416
1420992977.4370234,-86899.24521219074,-4.6080505944160715
1420992978.4370234,-86904.38061056405,-4.666112872685285
1420992979.4370234,-86909.3674260283,-4.731467549839998
1420992980.4370234,-86914.26360377541,-4.739525928123067
1420992981.4370234,-86919.20906325348,-4.817223149263649
1420992982.4370234,-86924.19205867492,-4.798844550404004
1420992983.4370234,-86929.16360160982,-4.825990996314294
1420992984.4370234,-86934.2932734433,-4.907114597175009
1420992985.4370234,-86939.44827611813,-4.959337136862352
1420992986.4370234,-86944.60239306671,-4.906526282756498
1420992987.4370234,-86949.33168390705,-4.877990580104186
1420992988.4370234,-86954.27963718175,-4.935286534326615
1420992989.4370234,-86959.62332150016,-4.976990985515156
1420992990.4370234,-86964.9396784301,-4.9865236563234765
1420992991.4370234,-86970.16524216665,-4.982773267814942
1420992992.4370234,-86975.39679504962,-5.025414791149448
1420992993.4370234,-86980.52379334919,-5.089651006081367
1420992994.4370234,-86986.08063567022,-5.164648588704297
1420992995.4370234,-86991.46933291163,-5.214186855181025
1420992996.4370234,-86997.26426619597,-5.26246432993758
1420992997.4370234,-87002.66546727583,-5.274558851516363
1420992998.4370234,-87008.20697176842,-5.336693921380469
1420992999.4370234,-87014.09126448177,-5.362728205495026
1420993000.4370234,-87020.27004666309,-5.452843667417863
1420993001.4370234,-87026.12351831283,-5.503910321524716
1420993002.4370234,-87031.95526606939,-5.530220179784116
1420993003.4370234,-87037.8433925907,-5.617726456571408
